"theta","phi"
28.7797501785681,91.5160311721265
52.6483304179274,274.893307889812
2.34159462992102,201.473111878149
148.528462361544,314.57713639643
111.829798461869,232.54933639057
94.2602305510081,356.079480310902
65.4327101628296,11.6266354210675
74.393106806092,125.684926506132
129.434675714001,71.8521789768711
168.509126176592,149.657606164925
