"theta","phi"
29.6873417721519,90
52.446835443038,274.5
2.37594936708861,202.5
148.036708860759,315
111.621518987342,234
93.4139240506329,355.5
66.1025316455696,13.5
75.2063291139241,126
129.829113924051,72
168.520253164557,148.5
