"theta","z"
269.730784686282,1.34834433300421
240.956333781593,4.4322622474283
200.631324006245,9.88649101788178
299.048325089738,7.64195002499036
164.531825082377,0.404074694728479
134.197017615661,5.57119058165699
104.935105120763,8.94809667789377
26.116901172325,6.73582233255729
337.830144918524,3.60120926913805
63.8842818075791,2.16386585659347
